threshold,cv_accuracy
0.05,0.6659340659340659
0.055,0.6945054945054945
0.06,0.7076923076923077
0.065,0.7120879120879121
0.07,0.7252747252747253
0.075,0.7384615384615385
0.08,0.7450549450549451
0.08499999999999999,0.7472527472527473
0.09,0.7604395604395604
0.095,0.7670329670329671
0.09999999999999999,0.7736263736263737
0.105,0.7736263736263737
0.10999999999999999,0.7846153846153846
0.11499999999999999,0.7912087912087912
0.12,0.7978021978021979
0.12499999999999999,0.810989010989011
0.13,0.810989010989011
0.135,0.8197802197802198
0.13999999999999999,0.8285714285714286
0.145,0.8395604395604396
0.14999999999999997,0.843956043956044
0.15499999999999997,0.8505494505494505
0.15999999999999998,0.8571428571428571
0.16499999999999998,0.8571428571428571
0.16999999999999998,0.8615384615384616
0.175,0.8637362637362638
0.18,0.8681318681318682
0.185,0.8747252747252747
0.19,0.8879120879120879
0.195,0.8901098901098901
0.19999999999999996,0.8923076923076924
0.20499999999999996,0.8945054945054945
0.20999999999999996,0.8967032967032967
0.21499999999999997,0.8989010989010989
0.21999999999999997,0.8989010989010989
0.22499999999999998,0.9032967032967033
0.22999999999999998,0.9054945054945055
0.235,0.9098901098901099
0.24,0.9098901098901099
0.245,0.9098901098901099
0.24999999999999994,0.9098901098901099
0.25499999999999995,0.9120879120879121
0.25999999999999995,0.9142857142857143
0.26499999999999996,0.9142857142857143
0.26999999999999996,0.9164835164835164
0.27499999999999997,0.9186813186813186
0.27999999999999997,0.9230769230769231
0.285,0.9252747252747253
0.29,0.9252747252747253
0.295,0.9252747252747253
0.3,0.9318681318681319
0.30499999999999994,0.9340659340659341
0.30999999999999994,0.9340659340659341
0.31499999999999995,0.9362637362637363
0.31999999999999995,0.9384615384615385
0.32499999999999996,0.9428571428571428
0.32999999999999996,0.9428571428571428
0.33499999999999996,0.9428571428571428
0.33999999999999997,0.945054945054945
0.3449999999999999,0.9494505494505494
0.3499999999999999,0.9494505494505494
0.3549999999999999,0.9516483516483516
0.35999999999999993,0.9516483516483516
0.36499999999999994,0.9516483516483516
0.36999999999999994,0.9538461538461539
0.37499999999999994,0.9560439560439561
0.37999999999999995,0.9560439560439561
0.38499999999999995,0.9560439560439561
0.38999999999999996,0.9560439560439561
0.39499999999999996,0.9582417582417583
0.3999999999999999,0.9582417582417583
0.4049999999999999,0.9582417582417583
0.4099999999999999,0.9604395604395605
0.4149999999999999,0.9626373626373627
0.41999999999999993,0.9626373626373627
0.42499999999999993,0.9626373626373627
0.42999999999999994,0.9648351648351648
0.43499999999999994,0.9648351648351648
0.43999999999999995,0.9648351648351648
0.44499999999999995,0.9648351648351648
0.4499999999999999,0.9648351648351648
0.4549999999999999,0.967032967032967
0.4599999999999999,0.9714285714285714
0.4649999999999999,0.9714285714285714
0.4699999999999999,0.9736263736263736
0.4749999999999999,0.9736263736263736
0.4799999999999999,0.9758241758241758
0.48499999999999993,0.978021978021978
0.48999999999999994,0.978021978021978
0.49499999999999994,0.978021978021978
0.49999999999999994,0.9802197802197802
0.5049999999999999,0.9758241758241758
0.5099999999999999,0.9758241758241758
0.5149999999999999,0.978021978021978
0.5199999999999999,0.978021978021978
0.5249999999999999,0.978021978021978
0.5299999999999999,0.978021978021978
0.5349999999999999,0.978021978021978
0.5399999999999999,0.978021978021978
0.5449999999999999,0.9758241758241758
0.5499999999999999,0.9758241758241758
0.5549999999999999,0.9714285714285714
0.5599999999999999,0.9736263736263736
0.565,0.9736263736263736
0.57,0.9736263736263736
0.575,0.9714285714285714
0.58,0.9714285714285714
0.585,0.9714285714285714
0.59,0.9714285714285714
0.595,0.9714285714285714
0.6,0.9714285714285714
0.605,0.9714285714285714
0.61,0.9736263736263736
0.615,0.9714285714285714
0.62,0.9736263736263736
0.625,0.9736263736263736
0.63,0.9736263736263736
0.635,0.9714285714285714
0.6399999999999999,0.9714285714285714
0.6449999999999999,0.9714285714285714
0.6499999999999999,0.9714285714285714
0.6549999999999999,0.9714285714285714
0.6599999999999999,0.9714285714285714
0.6649999999999999,0.9714285714285714
0.6699999999999999,0.9714285714285714
0.6749999999999999,0.9692307692307692
0.6799999999999999,0.9692307692307692
0.6849999999999999,0.9692307692307692
0.69,0.9692307692307692
0.695,0.9692307692307692
0.7,0.9692307692307692
0.705,0.967032967032967
0.71,0.9626373626373627
0.715,0.9604395604395605
0.72,0.9582417582417583
0.725,0.9582417582417583
0.73,0.9560439560439561
0.735,0.9516483516483516
0.74,0.9516483516483516
0.7449999999999999,0.9516483516483516
0.7499999999999999,0.9516483516483516
0.7549999999999999,0.9472527472527472
0.7599999999999999,0.9472527472527472
0.7649999999999999,0.9472527472527472
0.7699999999999999,0.9472527472527472
0.7749999999999999,0.9472527472527472
0.7799999999999999,0.9472527472527472
0.7849999999999999,0.9472527472527472
0.7899999999999999,0.9472527472527472
0.7949999999999999,0.9472527472527472
0.7999999999999999,0.9428571428571428
0.8049999999999999,0.9428571428571428
0.8099999999999999,0.9428571428571428
0.815,0.9428571428571428
0.82,0.9428571428571428
0.825,0.9406593406593406
0.83,0.9384615384615385
0.835,0.9384615384615385
0.84,0.9384615384615385
0.845,0.9362637362637363
0.8499999999999999,0.9318681318681319
0.8549999999999999,0.9296703296703297
0.8599999999999999,0.9252747252747253
0.8649999999999999,0.9252747252747253
0.8699999999999999,0.9230769230769231
0.8749999999999999,0.9164835164835164
0.8799999999999999,0.9164835164835164
0.8849999999999999,0.9164835164835164
0.8899999999999999,0.9164835164835164
0.8949999999999999,0.9164835164835164
0.8999999999999999,0.9142857142857143
0.9049999999999999,0.9076923076923077
0.9099999999999999,0.9032967032967033
0.9149999999999999,0.8989010989010989
0.9199999999999999,0.8989010989010989
0.9249999999999999,0.8989010989010989
0.9299999999999999,0.8945054945054945
0.9349999999999999,0.8901098901098901
0.94,0.8857142857142857
0.945,0.8769230769230769
0.95,0.8725274725274725
